,epoch,val_loss
0,0.0,0.08712694048881531
1,1.0,0.051440104842185974
2,2.0,0.03708192706108093
3,3.0,0.02763802744448185
4,4.0,0.023113258183002472
