,epoch,val_loss
0,0.0,0.23713995516300201
1,1.0,0.24371065199375153
2,2.0,0.17668987810611725
3,3.0,0.11984226107597351
4,4.0,0.1039295345544815
