,epoch,val_loss
0,0.0,252.32078552246094
1,1.0,280.4396057128906
2,2.0,266.3692626953125
3,3.0,242.33604431152344
4,4.0,237.92860412597656
